flow_role,server_port,direction,frame,time,seq_start,seq_end,stream_offset_start,stream_offset_end,tcp_len,confidence,reason
world,7780,S2C,99,2026-07-13 21:16:57.078,851180873,851180884,0,11,11,high,sequence-correct frame/time to stream-offset mapping
world,7780,S2C,104,2026-07-13 21:16:57.144,851180884,851180976,11,103,92,high,sequence-correct frame/time to stream-offset mapping
world,7780,S2C,108,2026-07-13 21:16:57.165,851180976,851180985,103,112,9,high,sequence-correct frame/time to stream-offset mapping
world,7780,S2C,110,2026-07-13 21:16:57.188,851180985,851181000,112,127,15,high,sequence-correct frame/time to stream-offset mapping
world,7780,S2C,113,2026-07-13 21:16:57.217,851181000,851182460,127,1587,1460,high,sequence-correct frame/time to stream-offset mapping
world,7780,S2C,114,2026-07-13 21:16:57.217,851182460,851182582,1587,1709,122,high,sequence-correct frame/time to stream-offset mapping
world,7780,S2C,119,2026-07-13 21:16:57.289,851182582,851182618,1709,1745,36,high,sequence-correct frame/time to stream-offset mapping
world,7780,S2C,121,2026-07-13 21:16:57.356,851182618,851183890,1745,3017,1272,high,sequence-correct frame/time to stream-offset mapping
world,7780,S2C,124,2026-07-13 21:16:57.835,851183890,851183899,3017,3026,9,high,sequence-correct frame/time to stream-offset mapping
world,7780,S2C,127,2026-07-13 21:17:00.785,851183899,851183910,3026,3037,11,high,sequence-correct frame/time to stream-offset mapping
world,7780,S2C,130,2026-07-13 21:17:00.845,851183910,851183941,3037,3068,31,high,sequence-correct frame/time to stream-offset mapping
world,7780,S2C,132,2026-07-13 21:17:00.867,851183941,851185401,3068,4528,1460,high,sequence-correct frame/time to stream-offset mapping
world,7780,S2C,134,2026-07-13 21:17:00.867,851185401,851186646,4528,5773,1245,high,sequence-correct frame/time to stream-offset mapping
world,7780,S2C,136,2026-07-13 21:17:00.893,851186646,851188106,5773,7233,1460,high,sequence-correct frame/time to stream-offset mapping
world,7780,S2C,138,2026-07-13 21:17:00.893,851188106,851189566,7233,8693,1460,high,sequence-correct frame/time to stream-offset mapping
world,7780,S2C,140,2026-07-13 21:17:00.893,851189566,851191026,8693,10153,1460,high,sequence-correct frame/time to stream-offset mapping
world,7780,S2C,142,2026-07-13 21:17:00.893,851191026,851192486,10153,11613,1460,high,sequence-correct frame/time to stream-offset mapping
world,7780,S2C,143,2026-07-13 21:17:00.893,851192486,851192573,11613,11700,87,high,sequence-correct frame/time to stream-offset mapping
world,7780,S2C,145,2026-07-13 21:17:00.914,851192573,851194033,11700,13160,1460,high,sequence-correct frame/time to stream-offset mapping
world,7780,S2C,147,2026-07-13 21:17:00.914,851194033,851195493,13160,14620,1460,high,sequence-correct frame/time to stream-offset mapping
world,7780,S2C,149,2026-07-13 21:17:00.914,851195493,851196953,14620,16080,1460,high,sequence-correct frame/time to stream-offset mapping
world,7780,S2C,151,2026-07-13 21:17:00.914,851196953,851198413,16080,17540,1460,high,sequence-correct frame/time to stream-offset mapping
world,7780,S2C,153,2026-07-13 21:17:00.914,851198413,851199873,17540,19000,1460,high,sequence-correct frame/time to stream-offset mapping
world,7780,S2C,155,2026-07-13 21:17:00.915,851199873,851200625,19000,19752,752,high,sequence-correct frame/time to stream-offset mapping
world,7780,S2C,158,2026-07-13 21:17:00.935,851200625,851202085,19752,21212,1460,high,sequence-correct frame/time to stream-offset mapping
world,7780,S2C,160,2026-07-13 21:17:00.935,851202085,851203545,21212,22672,1460,high,sequence-correct frame/time to stream-offset mapping
world,7780,S2C,162,2026-07-13 21:17:00.935,851203545,851205005,22672,24132,1460,high,sequence-correct frame/time to stream-offset mapping
world,7780,S2C,163,2026-07-13 21:17:00.935,851205005,851205774,24132,24901,769,high,sequence-correct frame/time to stream-offset mapping
world,7780,S2C,165,2026-07-13 21:17:00.959,851205774,851207234,24901,26361,1460,high,sequence-correct frame/time to stream-offset mapping
world,7780,S2C,167,2026-07-13 21:17:00.959,851207234,851208694,26361,27821,1460,high,sequence-correct frame/time to stream-offset mapping
world,7780,S2C,169,2026-07-13 21:17:00.959,851208694,851210154,27821,29281,1460,high,sequence-correct frame/time to stream-offset mapping
world,7780,S2C,171,2026-07-13 21:17:00.959,851210154,851211614,29281,30741,1460,high,sequence-correct frame/time to stream-offset mapping
world,7780,S2C,173,2026-07-13 21:17:00.959,851211614,851212952,30741,32079,1338,high,sequence-correct frame/time to stream-offset mapping
world,7780,S2C,175,2026-07-13 21:17:00.977,851212952,851214412,32079,33539,1460,high,sequence-correct frame/time to stream-offset mapping
world,7780,S2C,177,2026-07-13 21:17:00.977,851214412,851215872,33539,34999,1460,high,sequence-correct frame/time to stream-offset mapping
world,7780,S2C,179,2026-07-13 21:17:00.978,851215872,851217332,34999,36459,1460,high,sequence-correct frame/time to stream-offset mapping
world,7780,S2C,181,2026-07-13 21:17:00.978,851217332,851218792,36459,37919,1460,high,sequence-correct frame/time to stream-offset mapping
world,7780,S2C,183,2026-07-13 21:17:00.978,851218792,851220130,37919,39257,1338,high,sequence-correct frame/time to stream-offset mapping
world,7780,S2C,185,2026-07-13 21:17:00.999,851220130,851221590,39257,40717,1460,high,sequence-correct frame/time to stream-offset mapping
world,7780,S2C,187,2026-07-13 21:17:00.999,851221590,851223050,40717,42177,1460,high,sequence-correct frame/time to stream-offset mapping
world,7780,S2C,189,2026-07-13 21:17:00.999,851223050,851224510,42177,43637,1460,high,sequence-correct frame/time to stream-offset mapping
world,7780,S2C,191,2026-07-13 21:17:00.999,851224510,851225970,43637,45097,1460,high,sequence-correct frame/time to stream-offset mapping
world,7780,S2C,192,2026-07-13 21:17:00.999,851225970,851227317,45097,46444,1347,high,sequence-correct frame/time to stream-offset mapping
world,7780,S2C,194,2026-07-13 21:17:01.020,851227317,851228777,46444,47904,1460,high,sequence-correct frame/time to stream-offset mapping
world,7780,S2C,196,2026-07-13 21:17:01.020,851228777,851230237,47904,49364,1460,high,sequence-correct frame/time to stream-offset mapping
world,7780,S2C,198,2026-07-13 21:17:01.020,851230237,851231697,49364,50824,1460,high,sequence-correct frame/time to stream-offset mapping
world,7780,S2C,200,2026-07-13 21:17:01.020,851231697,851233157,50824,52284,1460,high,sequence-correct frame/time to stream-offset mapping
world,7780,S2C,202,2026-07-13 21:17:01.020,851233157,851234354,52284,53481,1197,high,sequence-correct frame/time to stream-offset mapping
world,7780,S2C,204,2026-07-13 21:17:01.041,851234354,851235814,53481,54941,1460,high,sequence-correct frame/time to stream-offset mapping
world,7780,S2C,206,2026-07-13 21:17:01.041,851235814,851237274,54941,56401,1460,high,sequence-correct frame/time to stream-offset mapping
world,7780,S2C,208,2026-07-13 21:17:01.041,851237274,851238734,56401,57861,1460,high,sequence-correct frame/time to stream-offset mapping
world,7780,S2C,210,2026-07-13 21:17:01.041,851238734,851240194,57861,59321,1460,high,sequence-correct frame/time to stream-offset mapping
world,7780,S2C,212,2026-07-13 21:17:01.041,851240194,851241654,59321,60781,1460,high,sequence-correct frame/time to stream-offset mapping
world,7780,S2C,213,2026-07-13 21:17:01.041,851241654,851242387,60781,61514,733,high,sequence-correct frame/time to stream-offset mapping
world,7780,S2C,215,2026-07-13 21:17:01.064,851242387,851243847,61514,62974,1460,high,sequence-correct frame/time to stream-offset mapping
world,7780,S2C,217,2026-07-13 21:17:01.064,851243847,851245307,62974,64434,1460,high,sequence-correct frame/time to stream-offset mapping
world,7780,S2C,219,2026-07-13 21:17:01.065,851245307,851246767,64434,65894,1460,high,sequence-correct frame/time to stream-offset mapping
world,7780,S2C,221,2026-07-13 21:17:01.065,851246767,851248227,65894,67354,1460,high,sequence-correct frame/time to stream-offset mapping
world,7780,S2C,223,2026-07-13 21:17:01.065,851248227,851249687,67354,68814,1460,high,sequence-correct frame/time to stream-offset mapping
world,7780,S2C,225,2026-07-13 21:17:01.065,851249687,851250074,68814,69201,387,high,sequence-correct frame/time to stream-offset mapping
world,7780,S2C,228,2026-07-13 21:17:01.084,851250074,851251534,69201,70661,1460,high,sequence-correct frame/time to stream-offset mapping
world,7780,S2C,230,2026-07-13 21:17:01.084,851251534,851252994,70661,72121,1460,high,sequence-correct frame/time to stream-offset mapping
world,7780,S2C,232,2026-07-13 21:17:01.084,851252994,851254454,72121,73581,1460,high,sequence-correct frame/time to stream-offset mapping
world,7780,S2C,234,2026-07-13 21:17:01.084,851254454,851255914,73581,75041,1460,high,sequence-correct frame/time to stream-offset mapping
world,7780,S2C,236,2026-07-13 21:17:01.084,851255914,851257374,75041,76501,1460,high,sequence-correct frame/time to stream-offset mapping
world,7780,S2C,237,2026-07-13 21:17:01.084,851257374,851258180,76501,77307,806,high,sequence-correct frame/time to stream-offset mapping
world,7780,S2C,239,2026-07-13 21:17:01.105,851258180,851259640,77307,78767,1460,high,sequence-correct frame/time to stream-offset mapping
world,7780,S2C,241,2026-07-13 21:17:01.105,851259640,851261100,78767,80227,1460,high,sequence-correct frame/time to stream-offset mapping
world,7780,S2C,243,2026-07-13 21:17:01.105,851261100,851262560,80227,81687,1460,high,sequence-correct frame/time to stream-offset mapping
world,7780,S2C,245,2026-07-13 21:17:01.105,851262560,851264020,81687,83147,1460,high,sequence-correct frame/time to stream-offset mapping
world,7780,S2C,247,2026-07-13 21:17:01.105,851264020,851265338,83147,84465,1318,high,sequence-correct frame/time to stream-offset mapping
world,7780,S2C,249,2026-07-13 21:17:01.126,851265338,851266798,84465,85925,1460,high,sequence-correct frame/time to stream-offset mapping
world,7780,S2C,251,2026-07-13 21:17:01.126,851266798,851268258,85925,87385,1460,high,sequence-correct frame/time to stream-offset mapping
world,7780,S2C,253,2026-07-13 21:17:01.126,851268258,851269718,87385,88845,1460,high,sequence-correct frame/time to stream-offset mapping
world,7780,S2C,255,2026-07-13 21:17:01.126,851269718,851271178,88845,90305,1460,high,sequence-correct frame/time to stream-offset mapping
world,7780,S2C,257,2026-07-13 21:17:01.127,851271178,851272638,90305,91765,1460,high,sequence-correct frame/time to stream-offset mapping
world,7780,S2C,258,2026-07-13 21:17:01.127,851272638,851273407,91765,92534,769,high,sequence-correct frame/time to stream-offset mapping
world,7780,S2C,260,2026-07-13 21:17:01.150,851273407,851274867,92534,93994,1460,high,sequence-correct frame/time to stream-offset mapping
world,7780,S2C,262,2026-07-13 21:17:01.150,851274867,851276327,93994,95454,1460,high,sequence-correct frame/time to stream-offset mapping
world,7780,S2C,264,2026-07-13 21:17:01.150,851276327,851277787,95454,96914,1460,high,sequence-correct frame/time to stream-offset mapping
world,7780,S2C,266,2026-07-13 21:17:01.150,851277787,851279058,96914,98185,1271,high,sequence-correct frame/time to stream-offset mapping
world,7780,S2C,268,2026-07-13 21:17:01.170,851279058,851280518,98185,99645,1460,high,sequence-correct frame/time to stream-offset mapping
world,7780,S2C,270,2026-07-13 21:17:01.170,851280518,851281978,99645,101105,1460,high,sequence-correct frame/time to stream-offset mapping
world,7780,S2C,272,2026-07-13 21:17:01.171,851281978,851283438,101105,102565,1460,high,sequence-correct frame/time to stream-offset mapping
world,7780,S2C,274,2026-07-13 21:17:01.171,851283438,851284898,102565,104025,1460,high,sequence-correct frame/time to stream-offset mapping
world,7780,S2C,276,2026-07-13 21:17:01.171,851284898,851286358,104025,105485,1460,high,sequence-correct frame/time to stream-offset mapping
world,7780,S2C,277,2026-07-13 21:17:01.171,851286358,851287233,105485,106360,875,high,sequence-correct frame/time to stream-offset mapping
world,7780,S2C,281,2026-07-13 21:17:01.198,851287233,851288693,106360,107820,1460,high,sequence-correct frame/time to stream-offset mapping
world,7780,S2C,279,2026-07-13 21:17:01.198,851288693,851290153,107820,109280,1460,high,sequence-correct frame/time to stream-offset mapping
world,7780,S2C,283,2026-07-13 21:17:01.198,851290153,851291613,109280,110740,1460,high,sequence-correct frame/time to stream-offset mapping
world,7780,S2C,285,2026-07-13 21:17:01.198,851291613,851293073,110740,112200,1460,high,sequence-correct frame/time to stream-offset mapping
world,7780,S2C,287,2026-07-13 21:17:01.198,851293073,851294533,112200,113660,1460,high,sequence-correct frame/time to stream-offset mapping
world,7780,S2C,289,2026-07-13 21:17:01.198,851294533,851295288,113660,114415,755,high,sequence-correct frame/time to stream-offset mapping
world,7780,S2C,291,2026-07-13 21:17:01.221,851295288,851296748,114415,115875,1460,high,sequence-correct frame/time to stream-offset mapping
world,7780,S2C,293,2026-07-13 21:17:01.221,851296748,851298208,115875,117335,1460,high,sequence-correct frame/time to stream-offset mapping
world,7780,S2C,295,2026-07-13 21:17:01.221,851298208,851299668,117335,118795,1460,high,sequence-correct frame/time to stream-offset mapping
world,7780,S2C,297,2026-07-13 21:17:01.221,851299668,851301128,118795,120255,1460,high,sequence-correct frame/time to stream-offset mapping
world,7780,S2C,299,2026-07-13 21:17:01.221,851301128,851302588,120255,121715,1460,high,sequence-correct frame/time to stream-offset mapping
world,7780,S2C,300,2026-07-13 21:17:01.221,851302588,851302959,121715,122086,371,high,sequence-correct frame/time to stream-offset mapping
world,7780,S2C,302,2026-07-13 21:17:01.246,851302959,851304419,122086,123546,1460,high,sequence-correct frame/time to stream-offset mapping
world,7780,S2C,304,2026-07-13 21:17:01.246,851304419,851305879,123546,125006,1460,high,sequence-correct frame/time to stream-offset mapping
world,7780,S2C,306,2026-07-13 21:17:01.247,851305879,851307339,125006,126466,1460,high,sequence-correct frame/time to stream-offset mapping
world,7780,S2C,308,2026-07-13 21:17:01.247,851307339,851308681,126466,127808,1342,high,sequence-correct frame/time to stream-offset mapping
world,7780,S2C,311,2026-07-13 21:17:01.486,851308681,851308721,127808,127848,40,high,sequence-correct frame/time to stream-offset mapping
world,7780,S2C,313,2026-07-13 21:17:01.539,851308721,851308761,127848,127888,40,high,sequence-correct frame/time to stream-offset mapping
world,7780,S2C,315,2026-07-13 21:17:01.560,851308761,851308815,127888,127942,54,high,sequence-correct frame/time to stream-offset mapping
world,7780,S2C,318,2026-07-13 21:17:02.459,851308815,851309129,127942,128256,314,high,sequence-correct frame/time to stream-offset mapping
world,7780,S2C,320,2026-07-13 21:17:02.481,851309129,851310589,128256,129716,1460,high,sequence-correct frame/time to stream-offset mapping
world,7780,S2C,322,2026-07-13 21:17:02.481,851310589,851312049,129716,131176,1460,high,sequence-correct frame/time to stream-offset mapping
world,7780,S2C,323,2026-07-13 21:17:02.481,851312049,851312260,131176,131387,211,high,sequence-correct frame/time to stream-offset mapping
world,7780,S2C,325,2026-07-13 21:17:02.888,851312260,851312577,131387,131704,317,high,sequence-correct frame/time to stream-offset mapping
world,7780,S2C,327,2026-07-13 21:17:02.902,851312577,851313234,131704,132361,657,high,sequence-correct frame/time to stream-offset mapping
world,7780,S2C,330,2026-07-13 21:17:03.933,851313234,851313242,132361,132369,8,high,sequence-correct frame/time to stream-offset mapping
world,7780,S2C,332,2026-07-13 21:17:03.983,851313242,851313257,132369,132384,15,high,sequence-correct frame/time to stream-offset mapping
world,7780,S2C,339,2026-07-13 21:17:04.936,851313257,851313332,132384,132459,75,high,sequence-correct frame/time to stream-offset mapping
world,7780,S2C,348,2026-07-13 21:17:05.033,851313332,851313347,132459,132474,15,high,sequence-correct frame/time to stream-offset mapping
world,7780,S2C,358,2026-07-13 21:17:05.173,851313347,851313391,132474,132518,44,high,sequence-correct frame/time to stream-offset mapping
world,7780,S2C,363,2026-07-13 21:17:06.004,851313391,851314851,132518,133978,1460,high,sequence-correct frame/time to stream-offset mapping
world,7780,S2C,364,2026-07-13 21:17:06.004,851314851,851315546,133978,134673,695,high,sequence-correct frame/time to stream-offset mapping
world,7780,S2C,366,2026-07-13 21:17:06.050,851315546,851315561,134673,134688,15,high,sequence-correct frame/time to stream-offset mapping
world,7780,S2C,369,2026-07-13 21:17:06.654,851315561,851315631,134688,134758,70,high,sequence-correct frame/time to stream-offset mapping
world,7780,S2C,372,2026-07-13 21:17:06.676,851315631,851317091,134758,136218,1460,high,sequence-correct frame/time to stream-offset mapping
world,7780,S2C,374,2026-07-13 21:17:06.676,851317091,851318235,136218,137362,1144,high,sequence-correct frame/time to stream-offset mapping
world,7780,S2C,377,2026-07-13 21:17:06.718,851318235,851318673,137362,137800,438,high,sequence-correct frame/time to stream-offset mapping
world,7780,S2C,379,2026-07-13 21:17:06.739,851318673,851318689,137800,137816,16,high,sequence-correct frame/time to stream-offset mapping
world,7780,S2C,382,2026-07-13 21:17:07.081,851318689,851318704,137816,137831,15,high,sequence-correct frame/time to stream-offset mapping
world,7780,S2C,384,2026-07-13 21:17:07.882,851318704,851318725,137831,137852,21,high,sequence-correct frame/time to stream-offset mapping
world,7780,S2C,386,2026-07-13 21:17:07.903,851318725,851318740,137852,137867,15,high,sequence-correct frame/time to stream-offset mapping
world,7780,S2C,396,2026-07-13 21:17:08.897,851318740,851318810,137867,137937,70,high,sequence-correct frame/time to stream-offset mapping
world,7780,S2C,399,2026-07-13 21:17:11.029,851318810,851320270,137937,139397,1460,high,sequence-correct frame/time to stream-offset mapping
world,7780,S2C,401,2026-07-13 21:17:11.029,851320270,851320967,139397,140094,697,high,sequence-correct frame/time to stream-offset mapping
world,7780,S2C,403,2026-07-13 21:17:11.050,851320967,851322427,140094,141554,1460,high,sequence-correct frame/time to stream-offset mapping
world,7780,S2C,405,2026-07-13 21:17:11.050,851322427,851323122,141554,142249,695,high,sequence-correct frame/time to stream-offset mapping
world,7780,S2C,413,2026-07-13 21:17:11.898,851323122,851323201,142249,142328,79,high,sequence-correct frame/time to stream-offset mapping
world,7780,S2C,415,2026-07-13 21:17:11.921,851323201,851324311,142328,143438,1110,high,sequence-correct frame/time to stream-offset mapping
world,7780,S2C,417,2026-07-13 21:17:13.926,851324311,851324332,143438,143459,21,high,sequence-correct frame/time to stream-offset mapping
world,7780,S2C,419,2026-07-13 21:17:13.949,851324332,851324347,143459,143474,15,high,sequence-correct frame/time to stream-offset mapping
world,7780,S2C,421,2026-07-13 21:17:14.927,851324347,851324417,143474,143544,70,high,sequence-correct frame/time to stream-offset mapping
world,7780,S2C,429,2026-07-13 21:17:19.941,851324417,851324438,143544,143565,21,high,sequence-correct frame/time to stream-offset mapping
world,7780,S2C,431,2026-07-13 21:17:19.969,851324438,851324453,143565,143580,15,high,sequence-correct frame/time to stream-offset mapping
world,7780,S2C,433,2026-07-13 21:17:20.944,851324453,851324523,143580,143650,70,high,sequence-correct frame/time to stream-offset mapping
world,7780,S2C,435,2026-07-13 21:17:21.517,851324523,851324608,143650,143735,85,high,sequence-correct frame/time to stream-offset mapping
world,7780,S2C,440,2026-07-13 21:17:22.156,851324608,851324623,143735,143750,15,high,sequence-correct frame/time to stream-offset mapping
world,7780,S2C,444,2026-07-13 21:17:25.934,851324623,851324644,143750,143771,21,high,sequence-correct frame/time to stream-offset mapping
world,7780,S2C,446,2026-07-13 21:17:25.955,851324644,851324659,143771,143786,15,high,sequence-correct frame/time to stream-offset mapping
world,7780,S2C,448,2026-07-13 21:17:26.935,851324659,851324729,143786,143856,70,high,sequence-correct frame/time to stream-offset mapping
world,7780,S2C,452,2026-07-13 21:17:31.960,851324729,851324750,143856,143877,21,high,sequence-correct frame/time to stream-offset mapping
world,7780,S2C,454,2026-07-13 21:17:31.981,851324750,851324765,143877,143892,15,high,sequence-correct frame/time to stream-offset mapping
world,7780,S2C,458,2026-07-13 21:17:32.957,851324765,851324835,143892,143962,70,high,sequence-correct frame/time to stream-offset mapping
world,7780,S2C,460,2026-07-13 21:17:34.847,851324835,851324920,143962,144047,85,high,sequence-correct frame/time to stream-offset mapping
world,7780,S2C,465,2026-07-13 21:17:37.247,851324920,851324935,144047,144062,15,high,sequence-correct frame/time to stream-offset mapping
world,7780,S2C,467,2026-07-13 21:17:37.949,851324935,851324956,144062,144083,21,high,sequence-correct frame/time to stream-offset mapping
world,7780,S2C,469,2026-07-13 21:17:37.970,851324956,851324971,144083,144098,15,high,sequence-correct frame/time to stream-offset mapping
world,7780,S2C,471,2026-07-13 21:17:38.950,851324971,851325041,144098,144168,70,high,sequence-correct frame/time to stream-offset mapping
world,7780,S2C,473,2026-07-13 21:17:43.957,851325041,851325062,144168,144189,21,high,sequence-correct frame/time to stream-offset mapping
world,7780,S2C,475,2026-07-13 21:17:43.978,851325062,851325077,144189,144204,15,high,sequence-correct frame/time to stream-offset mapping
world,7780,S2C,477,2026-07-13 21:17:44.962,851325077,851325147,144204,144274,70,high,sequence-correct frame/time to stream-offset mapping
world,7780,S2C,481,2026-07-13 21:17:49.991,851325147,851325168,144274,144295,21,high,sequence-correct frame/time to stream-offset mapping
world,7780,S2C,483,2026-07-13 21:17:50.011,851325168,851325183,144295,144310,15,high,sequence-correct frame/time to stream-offset mapping
world,7780,S2C,485,2026-07-13 21:17:51.006,851325183,851325253,144310,144380,70,high,sequence-correct frame/time to stream-offset mapping
world,7780,S2C,488,2026-07-13 21:17:52.353,851325253,851325268,144380,144395,15,high,sequence-correct frame/time to stream-offset mapping
world,7780,S2C,492,2026-07-13 21:17:56.002,851325268,851325289,144395,144416,21,high,sequence-correct frame/time to stream-offset mapping
world,7780,S2C,494,2026-07-13 21:17:56.024,851325289,851325304,144416,144431,15,high,sequence-correct frame/time to stream-offset mapping
world,7780,S2C,496,2026-07-13 21:17:57.002,851325304,851325374,144431,144501,70,high,sequence-correct frame/time to stream-offset mapping
world,7780,S2C,498,2026-07-13 21:18:02.002,851325374,851325388,144501,144515,14,high,sequence-correct frame/time to stream-offset mapping
world,7780,S2C,500,2026-07-13 21:18:02.022,851325388,851325435,144515,144562,47,high,sequence-correct frame/time to stream-offset mapping
world,7780,S2C,502,2026-07-13 21:18:02.218,851325435,851325536,144562,144663,101,high,sequence-correct frame/time to stream-offset mapping
world,7780,S2C,504,2026-07-13 21:18:03.003,851325536,851325606,144663,144733,70,high,sequence-correct frame/time to stream-offset mapping
world,7780,S2C,506,2026-07-13 21:18:03.023,851325606,851325823,144733,144950,217,high,sequence-correct frame/time to stream-offset mapping
world,7780,S2C,511,2026-07-13 21:18:07.456,851325823,851325838,144950,144965,15,high,sequence-correct frame/time to stream-offset mapping
world,7780,S2C,513,2026-07-13 21:18:08.003,851325838,851325859,144965,144986,21,high,sequence-correct frame/time to stream-offset mapping
world,7780,S2C,515,2026-07-13 21:18:08.024,851325859,851325874,144986,145001,15,high,sequence-correct frame/time to stream-offset mapping
world,7780,S2C,517,2026-07-13 21:18:08.990,851325874,851325944,145001,145071,70,high,sequence-correct frame/time to stream-offset mapping
world,7780,S2C,519,2026-07-13 21:18:13.999,851325944,851325965,145071,145092,21,high,sequence-correct frame/time to stream-offset mapping
world,7780,S2C,521,2026-07-13 21:18:14.017,851325965,851325980,145092,145107,15,high,sequence-correct frame/time to stream-offset mapping
world,7780,S2C,523,2026-07-13 21:18:14.998,851325980,851326050,145107,145177,70,high,sequence-correct frame/time to stream-offset mapping
world,7780,S2C,527,2026-07-13 21:18:20.008,851326050,851326071,145177,145198,21,high,sequence-correct frame/time to stream-offset mapping
world,7780,S2C,529,2026-07-13 21:18:20.028,851326071,851326086,145198,145213,15,high,sequence-correct frame/time to stream-offset mapping
world,7780,S2C,531,2026-07-13 21:18:20.904,851326086,851326187,145213,145314,101,high,sequence-correct frame/time to stream-offset mapping
world,7780,S2C,533,2026-07-13 21:18:21.001,851326187,851326257,145314,145384,70,high,sequence-correct frame/time to stream-offset mapping
world,7780,S2C,537,2026-07-13 21:18:25.556,851326257,851326273,145384,145400,16,high,sequence-correct frame/time to stream-offset mapping
world,7780,S2C,541,2026-07-13 21:18:26.006,851326273,851326294,145400,145421,21,high,sequence-correct frame/time to stream-offset mapping
world,7780,S2C,543,2026-07-13 21:18:26.035,851326294,851326309,145421,145436,15,high,sequence-correct frame/time to stream-offset mapping
world,7780,S2C,545,2026-07-13 21:18:27.012,851326309,851326379,145436,145506,70,high,sequence-correct frame/time to stream-offset mapping
world,7780,S2C,547,2026-07-13 21:18:30.139,851326379,851326468,145506,145595,89,high,sequence-correct frame/time to stream-offset mapping
world,7780,S2C,549,2026-07-13 21:18:32.017,851326468,851326489,145595,145616,21,high,sequence-correct frame/time to stream-offset mapping
world,7780,S2C,551,2026-07-13 21:18:32.037,851326489,851326504,145616,145631,15,high,sequence-correct frame/time to stream-offset mapping
world,7780,S2C,553,2026-07-13 21:18:33.023,851326504,851326574,145631,145701,70,high,sequence-correct frame/time to stream-offset mapping
world,7780,S2C,557,2026-07-13 21:18:38.013,851326574,851326595,145701,145722,21,high,sequence-correct frame/time to stream-offset mapping
world,7780,S2C,559,2026-07-13 21:18:38.033,851326595,851326610,145722,145737,15,high,sequence-correct frame/time to stream-offset mapping
world,7780,S2C,561,2026-07-13 21:18:39.022,851326610,851326680,145737,145807,70,high,sequence-correct frame/time to stream-offset mapping
world,7780,S2C,565,2026-07-13 21:18:44.025,851326680,851326701,145807,145828,21,high,sequence-correct frame/time to stream-offset mapping
world,7780,S2C,567,2026-07-13 21:18:44.049,851326701,851326716,145828,145843,15,high,sequence-correct frame/time to stream-offset mapping
world,7780,S2C,569,2026-07-13 21:18:45.023,851326716,851326786,145843,145913,70,high,sequence-correct frame/time to stream-offset mapping
world,7780,S2C,573,2026-07-13 21:18:50.033,851326786,851326807,145913,145934,21,high,sequence-correct frame/time to stream-offset mapping
world,7780,S2C,575,2026-07-13 21:18:50.067,851326807,851326822,145934,145949,15,high,sequence-correct frame/time to stream-offset mapping
world,7780,S2C,579,2026-07-13 21:18:51.039,851326822,851326892,145949,146019,70,high,sequence-correct frame/time to stream-offset mapping
world,7780,S2C,583,2026-07-13 21:18:56.024,851326892,851326913,146019,146040,21,high,sequence-correct frame/time to stream-offset mapping
world,7780,S2C,585,2026-07-13 21:18:56.045,851326913,851326928,146040,146055,15,high,sequence-correct frame/time to stream-offset mapping
world,7780,S2C,587,2026-07-13 21:18:57.024,851326928,851326998,146055,146125,70,high,sequence-correct frame/time to stream-offset mapping
world,7780,S2C,593,2026-07-13 21:19:02.039,851326998,851327019,146125,146146,21,high,sequence-correct frame/time to stream-offset mapping
world,7780,S2C,595,2026-07-13 21:19:02.062,851327019,851327034,146146,146161,15,high,sequence-correct frame/time to stream-offset mapping
world,7780,S2C,597,2026-07-13 21:19:03.030,851327034,851327104,146161,146231,70,high,sequence-correct frame/time to stream-offset mapping
world,7780,S2C,599,2026-07-13 21:19:03.051,851327104,851327321,146231,146448,217,high,sequence-correct frame/time to stream-offset mapping
world,7780,S2C,603,2026-07-13 21:19:08.023,851327321,851327342,146448,146469,21,high,sequence-correct frame/time to stream-offset mapping
world,7780,S2C,605,2026-07-13 21:19:08.045,851327342,851327357,146469,146484,15,high,sequence-correct frame/time to stream-offset mapping
world,7780,S2C,607,2026-07-13 21:19:09.023,851327357,851327427,146484,146554,70,high,sequence-correct frame/time to stream-offset mapping
world,7780,S2C,609,2026-07-13 21:19:10.212,851327427,851327443,146554,146570,16,high,sequence-correct frame/time to stream-offset mapping
world,7780,S2C,611,2026-07-13 21:19:14.025,851327443,851327464,146570,146591,21,high,sequence-correct frame/time to stream-offset mapping
world,7780,S2C,613,2026-07-13 21:19:14.045,851327464,851327479,146591,146606,15,high,sequence-correct frame/time to stream-offset mapping
world,7780,S2C,615,2026-07-13 21:19:15.025,851327479,851327549,146606,146676,70,high,sequence-correct frame/time to stream-offset mapping
world,7780,S2C,619,2026-07-13 21:19:17.144,851327549,851327666,146676,146793,117,high,sequence-correct frame/time to stream-offset mapping
world,7780,S2C,621,2026-07-13 21:19:20.029,851327666,851327687,146793,146814,21,high,sequence-correct frame/time to stream-offset mapping
world,7780,S2C,623,2026-07-13 21:19:20.050,851327687,851327702,146814,146829,15,high,sequence-correct frame/time to stream-offset mapping
world,7780,S2C,625,2026-07-13 21:19:21.029,851327702,851327772,146829,146899,70,high,sequence-correct frame/time to stream-offset mapping
world,7780,S2C,631,2026-07-13 21:19:26.033,851327772,851327793,146899,146920,21,high,sequence-correct frame/time to stream-offset mapping
world,7780,S2C,633,2026-07-13 21:19:26.049,851327793,851327808,146920,146935,15,high,sequence-correct frame/time to stream-offset mapping
world,7780,S2C,635,2026-07-13 21:19:27.025,851327808,851327878,146935,147005,70,high,sequence-correct frame/time to stream-offset mapping
world,7780,S2C,637,2026-07-13 21:19:30.722,851327878,851327995,147005,147122,117,high,sequence-correct frame/time to stream-offset mapping
world,7780,S2C,639,2026-07-13 21:19:32.037,851327995,851328016,147122,147143,21,high,sequence-correct frame/time to stream-offset mapping
world,7780,S2C,641,2026-07-13 21:19:32.056,851328016,851328031,147143,147158,15,high,sequence-correct frame/time to stream-offset mapping
world,7780,S2C,643,2026-07-13 21:19:33.039,851328031,851328101,147158,147228,70,high,sequence-correct frame/time to stream-offset mapping
world,7780,S2C,649,2026-07-13 21:19:38.048,851328101,851328122,147228,147249,21,high,sequence-correct frame/time to stream-offset mapping
world,7780,S2C,651,2026-07-13 21:19:38.066,851328122,851328137,147249,147264,15,high,sequence-correct frame/time to stream-offset mapping
world,7780,S2C,653,2026-07-13 21:19:39.038,851328137,851328207,147264,147334,70,high,sequence-correct frame/time to stream-offset mapping
world,7780,S2C,655,2026-07-13 21:19:44.045,851328207,851328228,147334,147355,21,high,sequence-correct frame/time to stream-offset mapping
world,7780,S2C,657,2026-07-13 21:19:44.060,851328228,851328243,147355,147370,15,high,sequence-correct frame/time to stream-offset mapping
world,7780,S2C,659,2026-07-13 21:19:45.042,851328243,851328313,147370,147440,70,high,sequence-correct frame/time to stream-offset mapping
world,7780,S2C,663,2026-07-13 21:19:50.047,851328313,851328334,147440,147461,21,high,sequence-correct frame/time to stream-offset mapping
world,7780,S2C,665,2026-07-13 21:19:50.069,851328334,851328349,147461,147476,15,high,sequence-correct frame/time to stream-offset mapping
world,7780,S2C,667,2026-07-13 21:19:51.040,851328349,851328419,147476,147546,70,high,sequence-correct frame/time to stream-offset mapping
world,7780,S2C,671,2026-07-13 21:19:56.056,851328419,851328440,147546,147567,21,high,sequence-correct frame/time to stream-offset mapping
world,7780,S2C,673,2026-07-13 21:19:56.076,851328440,851328455,147567,147582,15,high,sequence-correct frame/time to stream-offset mapping
world,7780,S2C,675,2026-07-13 21:19:56.901,851328455,851328466,147582,147593,11,high,sequence-correct frame/time to stream-offset mapping
world,7780,S2C,677,2026-07-13 21:19:57.074,851328466,851328536,147593,147663,70,high,sequence-correct frame/time to stream-offset mapping
world,7780,S2C,680,2026-07-13 21:19:57.943,851328536,851328545,147663,147672,9,high,sequence-correct frame/time to stream-offset mapping
world,7780,S2C,682,2026-07-13 21:20:02.069,851328545,851328566,147672,147693,21,high,sequence-correct frame/time to stream-offset mapping
world,7780,S2C,684,2026-07-13 21:20:02.088,851328566,851328581,147693,147708,15,high,sequence-correct frame/time to stream-offset mapping
world,7780,S2C,686,2026-07-13 21:20:03.063,851328581,851328651,147708,147778,70,high,sequence-correct frame/time to stream-offset mapping
world,7780,S2C,688,2026-07-13 21:20:03.082,851328651,851328868,147778,147995,217,high,sequence-correct frame/time to stream-offset mapping
world,7780,S2C,698,2026-07-13 21:20:08.071,851328868,851328889,147995,148016,21,high,sequence-correct frame/time to stream-offset mapping
world,7780,S2C,700,2026-07-13 21:20:08.080,851328889,851328904,148016,148031,15,high,sequence-correct frame/time to stream-offset mapping
world,7780,S2C,702,2026-07-13 21:20:08.124,851328904,851329037,148031,148164,133,high,sequence-correct frame/time to stream-offset mapping
world,7780,S2C,706,2026-07-13 21:20:09.064,851329037,851329107,148164,148234,70,high,sequence-correct frame/time to stream-offset mapping
world,7780,S2C,708,2026-07-13 21:20:14.064,851329107,851329128,148234,148255,21,high,sequence-correct frame/time to stream-offset mapping
world,7780,S2C,710,2026-07-13 21:20:14.091,851329128,851329143,148255,148270,15,high,sequence-correct frame/time to stream-offset mapping
world,7780,S2C,712,2026-07-13 21:20:15.067,851329143,851329213,148270,148340,70,high,sequence-correct frame/time to stream-offset mapping
world,7780,S2C,716,2026-07-13 21:20:18.530,851329213,851329346,148340,148473,133,high,sequence-correct frame/time to stream-offset mapping
world,7780,S2C,718,2026-07-13 21:20:20.110,851329346,851329367,148473,148494,21,high,sequence-correct frame/time to stream-offset mapping
world,7780,S2C,720,2026-07-13 21:20:20.131,851329367,851329382,148494,148509,15,high,sequence-correct frame/time to stream-offset mapping
world,7780,S2C,722,2026-07-13 21:20:21.088,851329382,851329452,148509,148579,70,high,sequence-correct frame/time to stream-offset mapping
world,7780,S2C,726,2026-07-13 21:20:26.111,851329452,851329473,148579,148600,21,high,sequence-correct frame/time to stream-offset mapping
world,7780,S2C,728,2026-07-13 21:20:26.131,851329473,851329488,148600,148615,15,high,sequence-correct frame/time to stream-offset mapping
world,7780,S2C,732,2026-07-13 21:20:27.107,851329488,851329558,148615,148685,70,high,sequence-correct frame/time to stream-offset mapping
world,7780,S2C,738,2026-07-13 21:20:32.108,851329558,851329579,148685,148706,21,high,sequence-correct frame/time to stream-offset mapping
world,7780,S2C,740,2026-07-13 21:20:32.130,851329579,851329594,148706,148721,15,high,sequence-correct frame/time to stream-offset mapping
world,7780,S2C,742,2026-07-13 21:20:33.106,851329594,851329664,148721,148791,70,high,sequence-correct frame/time to stream-offset mapping
world,7780,S2C,750,2026-07-13 21:20:52.842,851329664,851329751,148791,148878,87,high,sequence-correct frame/time to stream-offset mapping
world,7780,S2C,756,2026-07-13 21:21:03.122,851329751,851329782,148878,148909,31,high,sequence-correct frame/time to stream-offset mapping
world,7780,S2C,758,2026-07-13 21:21:03.143,851329782,851329968,148909,149095,186,high,sequence-correct frame/time to stream-offset mapping
world,7780,S2C,762,2026-07-13 21:21:07.387,851329968,851330055,149095,149182,87,high,sequence-correct frame/time to stream-offset mapping
world,7780,S2C,774,2026-07-13 21:21:36.028,851330055,851330158,149182,149285,103,high,sequence-correct frame/time to stream-offset mapping
world,7780,S2C,782,2026-07-13 21:21:58.742,851330158,851330228,149285,149355,70,high,sequence-correct frame/time to stream-offset mapping
world,7780,S2C,784,2026-07-13 21:22:01.021,851330228,851330271,149355,149398,43,high,sequence-correct frame/time to stream-offset mapping
world,7780,S2C,786,2026-07-13 21:22:03.143,851330271,851330302,149398,149429,31,high,sequence-correct frame/time to stream-offset mapping
world,7780,S2C,788,2026-07-13 21:22:03.168,851330302,851330488,149429,149615,186,high,sequence-correct frame/time to stream-offset mapping
world,7780,S2C,791,2026-07-13 21:22:05.160,851330488,851330496,149615,149623,8,high,sequence-correct frame/time to stream-offset mapping
world,7780,S2C,810,2026-07-13 21:22:48.106,851330496,851330599,149623,149726,103,high,sequence-correct frame/time to stream-offset mapping
world,7780,S2C,818,2026-07-13 21:22:57.996,851330599,851330608,149726,149735,9,high,sequence-correct frame/time to stream-offset mapping
world,7780,S2C,820,2026-07-13 21:23:01.911,851330608,851330619,149735,149746,11,high,sequence-correct frame/time to stream-offset mapping
world,7780,S2C,822,2026-07-13 21:23:03.231,851330619,851330650,149746,149777,31,high,sequence-correct frame/time to stream-offset mapping
world,7780,S2C,824,2026-07-13 21:23:03.252,851330650,851330836,149777,149963,186,high,sequence-correct frame/time to stream-offset mapping
world,7780,S2C,834,2026-07-13 21:23:19.724,851330836,851330955,149963,150082,119,high,sequence-correct frame/time to stream-offset mapping
world,7780,S2C,838,2026-07-13 21:23:26.091,851330955,851331074,150082,150201,119,high,sequence-correct frame/time to stream-offset mapping
world,7780,S2C,844,2026-07-13 21:23:46.020,851331074,851331090,150201,150217,16,high,sequence-correct frame/time to stream-offset mapping
world,7780,S2C,846,2026-07-13 21:23:51.687,851331090,851331225,150217,150352,135,high,sequence-correct frame/time to stream-offset mapping
world,7780,S2C,850,2026-07-13 21:23:58.275,851331225,851331360,150352,150487,135,high,sequence-correct frame/time to stream-offset mapping
world,7780,S2C,852,2026-07-13 21:24:03.225,851331360,851331391,150487,150518,31,high,sequence-correct frame/time to stream-offset mapping
world,7780,S2C,854,2026-07-13 21:24:03.246,851331391,851331577,150518,150704,186,high,sequence-correct frame/time to stream-offset mapping
world,7780,S2C,872,2026-07-13 21:24:30.132,851331577,851331640,150704,150767,63,high,sequence-correct frame/time to stream-offset mapping
world,7780,S2C,886,2026-07-13 21:25:01.231,851331640,851331648,150767,150775,8,high,sequence-correct frame/time to stream-offset mapping
world,7780,S2C,889,2026-07-13 21:25:01.290,851331648,851331656,150775,150783,8,high,sequence-correct frame/time to stream-offset mapping
world,7780,S2C,892,2026-07-13 21:25:01.358,851331656,851331664,150783,150791,8,high,sequence-correct frame/time to stream-offset mapping
world,7780,S2C,895,2026-07-13 21:25:01.430,851331664,851331672,150791,150799,8,high,sequence-correct frame/time to stream-offset mapping
world,7780,S2C,898,2026-07-13 21:25:01.496,851331672,851331680,150799,150807,8,high,sequence-correct frame/time to stream-offset mapping
world,7780,S2C,901,2026-07-13 21:25:01.637,851331680,851331719,150807,150846,39,high,sequence-correct frame/time to stream-offset mapping
world,7780,S2C,903,2026-07-13 21:25:03.277,851331719,851331750,150846,150877,31,high,sequence-correct frame/time to stream-offset mapping
world,7780,S2C,905,2026-07-13 21:25:03.298,851331750,851331936,150877,151063,186,high,sequence-correct frame/time to stream-offset mapping
world,7780,S2C,909,2026-07-13 21:25:08.837,851331936,851331952,151063,151079,16,high,sequence-correct frame/time to stream-offset mapping
world,7780,C2S,101,2026-07-13 21:16:57.092,2753554497,2753554521,0,24,24,high,sequence-correct frame/time to stream-offset mapping
world,7780,C2S,103,2026-07-13 21:16:57.122,2753554521,2753554532,24,35,11,high,sequence-correct frame/time to stream-offset mapping
world,7780,C2S,107,2026-07-13 21:16:57.156,2753554532,2753554563,35,66,31,high,sequence-correct frame/time to stream-offset mapping
world,7780,C2S,112,2026-07-13 21:16:57.188,2753554563,2753554635,66,138,72,high,sequence-correct frame/time to stream-offset mapping
world,7780,C2S,117,2026-07-13 21:16:57.238,2753554635,2753554646,138,149,11,high,sequence-correct frame/time to stream-offset mapping
world,7780,C2S,123,2026-07-13 21:16:57.783,2753554646,2753554655,149,158,9,high,sequence-correct frame/time to stream-offset mapping
world,7780,C2S,126,2026-07-13 21:17:00.734,2753554655,2753554662,158,165,7,high,sequence-correct frame/time to stream-offset mapping
world,7780,C2S,129,2026-07-13 21:17:00.794,2753554662,2753554673,165,176,11,high,sequence-correct frame/time to stream-offset mapping
world,7780,C2S,157,2026-07-13 21:17:00.933,2753554673,2753554680,176,183,7,high,sequence-correct frame/time to stream-offset mapping
world,7780,C2S,227,2026-07-13 21:17:01.071,2753554680,2753554688,183,191,8,high,sequence-correct frame/time to stream-offset mapping
world,7780,C2S,229,2026-07-13 21:17:01.084,2753554688,2753554703,191,206,15,high,sequence-correct frame/time to stream-offset mapping
world,7780,C2S,310,2026-07-13 21:17:01.436,2753554703,2753554714,206,217,11,high,sequence-correct frame/time to stream-offset mapping
world,7780,C2S,312,2026-07-13 21:17:01.486,2753554714,2753554743,217,246,29,high,sequence-correct frame/time to stream-offset mapping
world,7780,C2S,317,2026-07-13 21:17:02.410,2753554743,2753554750,246,253,7,high,sequence-correct frame/time to stream-offset mapping
world,7780,C2S,329,2026-07-13 21:17:03.882,2753554750,2753554758,253,261,8,high,sequence-correct frame/time to stream-offset mapping
world,7780,C2S,331,2026-07-13 21:17:03.933,2753554758,2753554769,261,272,11,high,sequence-correct frame/time to stream-offset mapping
world,7780,C2S,334,2026-07-13 21:17:04.729,2753554769,2753554790,272,293,21,high,sequence-correct frame/time to stream-offset mapping
world,7780,C2S,336,2026-07-13 21:17:04.884,2753554790,2753554807,293,310,17,high,sequence-correct frame/time to stream-offset mapping
world,7780,C2S,338,2026-07-13 21:17:04.914,2753554807,2753554828,310,331,21,high,sequence-correct frame/time to stream-offset mapping
world,7780,C2S,343,2026-07-13 21:17:04.983,2753554828,2753554839,331,342,11,high,sequence-correct frame/time to stream-offset mapping
world,7780,C2S,360,2026-07-13 21:17:05.952,2753554839,2753554851,342,354,12,high,sequence-correct frame/time to stream-offset mapping
world,7780,C2S,362,2026-07-13 21:17:06.001,2753554851,2753554862,354,365,11,high,sequence-correct frame/time to stream-offset mapping
world,7780,C2S,368,2026-07-13 21:17:06.603,2753554862,2753554887,365,390,25,high,sequence-correct frame/time to stream-offset mapping
world,7780,C2S,371,2026-07-13 21:17:06.668,2753554887,2753554895,390,398,8,high,sequence-correct frame/time to stream-offset mapping
world,7780,C2S,373,2026-07-13 21:17:06.676,2753554895,2753554903,398,406,8,high,sequence-correct frame/time to stream-offset mapping
world,7780,C2S,381,2026-07-13 21:17:07.030,2753554903,2753554914,406,417,11,high,sequence-correct frame/time to stream-offset mapping
world,7780,C2S,398,2026-07-13 21:17:10.978,2753554914,2753554926,417,429,12,high,sequence-correct frame/time to stream-offset mapping
world,7780,C2S,439,2026-07-13 21:17:22.096,2753560033,2753560044,5536,5547,11,high,sequence-correct frame/time to stream-offset mapping
world,7780,C2S,464,2026-07-13 21:17:37.197,2753560044,2753560055,5547,5558,11,high,sequence-correct frame/time to stream-offset mapping
world,7780,C2S,487,2026-07-13 21:17:52.304,2753560055,2753560066,5558,5569,11,high,sequence-correct frame/time to stream-offset mapping
world,7780,C2S,510,2026-07-13 21:18:07.406,2753560066,2753560077,5569,5580,11,high,sequence-correct frame/time to stream-offset mapping
world,7780,C2S,679,2026-07-13 21:19:57.892,2753560077,2753560086,5580,5589,9,high,sequence-correct frame/time to stream-offset mapping
world,7780,C2S,764,2026-07-13 21:21:14.987,2753560086,2753560093,5589,5596,7,high,sequence-correct frame/time to stream-offset mapping
world,7780,C2S,816,2026-07-13 21:22:57.946,2753560093,2753560102,5596,5605,9,high,sequence-correct frame/time to stream-offset mapping
world,7780,C2S,870,2026-07-13 21:24:30.081,2753560102,2753560158,5605,5661,56,high,sequence-correct frame/time to stream-offset mapping
world,7780,C2S,884,2026-07-13 21:25:01.179,2753560158,2753560165,5661,5668,7,high,sequence-correct frame/time to stream-offset mapping
world,7780,C2S,888,2026-07-13 21:25:01.239,2753560165,2753560172,5668,5675,7,high,sequence-correct frame/time to stream-offset mapping
world,7780,C2S,891,2026-07-13 21:25:01.306,2753560172,2753560179,5675,5682,7,high,sequence-correct frame/time to stream-offset mapping
world,7780,C2S,894,2026-07-13 21:25:01.373,2753560179,2753560186,5682,5689,7,high,sequence-correct frame/time to stream-offset mapping
world,7780,C2S,897,2026-07-13 21:25:01.440,2753560186,2753560193,5689,5696,7,high,sequence-correct frame/time to stream-offset mapping
world,7780,C2S,900,2026-07-13 21:25:01.588,2753560193,2753560200,5696,5703,7,high,sequence-correct frame/time to stream-offset mapping
